Target Key,Source Key,Fuzzy,Semantic,Synonym,LLM Score,Final Score
MsgRefNbr,CountryCode,0.1143,0.2683,0.0,0.2405,0.1585
MsgRefNbr,CountryName,0.1405,0.3092,0.0,0.1531,0.1215
MsgRefNbr,Name,0.125,0.3339,0.0,0.2834,0.1876
MsgRefNbr,IMONumber,0.2632,0.2868,0.0,0.3605,0.2353
MsgRefNbr,CallSign,0.1,0.3385,0.0,0.3356,0.2117
MsgRefNbr,Type,0.0,0.2828,0.0,0.2448,0.1507
MsgRefNbr,Flag,0.125,0.272,0.0,0.1883,0.1338
MsgRefNbr,FlagName,0.2,0.3411,0.0,0.2236,0.1659
MsgRefNbr,ClassificationEntity,0.1105,0.2461,0.0,0.1967,0.134
MsgRefNbr,ShipOwner,0.2,0.2988,0.0,0.276,0.1879
MsgRefNbr,ShippingLineCode,0.0417,0.2823,0.0,0.3197,0.1923
MsgRefNbr,BaysAft,0.0,0.3352,0.0,0.243,0.155
MsgRefNbr,BridgeToBowLength,0.1333,0.2844,0.0,0.1447,0.1141
MsgRefNbr,Capacity,0.0,0.2186,0.0,0.1586,0.1011
MsgRefNbr,GrossRegTons,0.3095,0.3521,0.0,0.3272,0.2297
MsgRefNbr,PortOfReference,0.2333,0.3497,0.0,0.4441,0.2804
MsgRefNbr,DeadWeight,0.1667,0.283,0.0,0.1954,0.1427
MsgRefNbr,MainPropulsionPower,0.1986,0.2598,0.0,0.0799,0.0858
MsgRefNbr,AgentCode,0.08,0.2992,0.0,0.3023,0.1891
MsgRefNbr,AgentName,0.18,0.3282,0.0,0.2837,0.1927
MsgRefNbr,TerminalCode,0.0833,0.2469,0.0,0.2991,0.1826
MsgRefNbr,TypeDescription,0.0606,0.2763,0.0,0.2645,0.1659
MsgRefNbr,RegistrationYear,0.2011,0.241,0.0,0.3056,0.197
MsgRefNbr,VesselNumber,0.303,0.2954,0.0,0.3209,0.2203
MsgRefNbr,ShippingLineName,0.125,0.3088,0.0,0.3026,0.1947
MsgRefNbr,VesselClass,0.1467,0.26,0.0,0.1855,0.1334
MsgDateTime,CountryCode,0.1803,0.3164,0.0,0.225,0.1622
MsgDateTime,CountryName,0.3273,0.3578,0.0,0.1966,0.1668
MsgDateTime,Name,0.4,0.3801,0.0,0.2296,0.1928
MsgDateTime,IMONumber,0.3333,0.3542,0.0,0.2246,0.181
MsgDateTime,CallSign,0.25,0.3373,0.0,0.2783,0.1979
MsgDateTime,Type,0.3333,0.3229,0.0,0.215,0.1731
MsgDateTime,Flag,0.125,0.1966,0.0,0.2166,0.1405
MsgDateTime,FlagName,0.3947,0.3336,0.0,0.2262,0.1859
MsgDateTime,ClassificationEntity,0.2116,0.2211,0.0,0.132,0.1093
MsgDateTime,ShipOwner,0.1143,0.3622,0.0,0.2155,0.1554
MsgDateTime,ShippingLineCode,0.2917,0.3523,0.0,0.2704,0.1996
MsgDateTime,BaysAft,0.125,0.2897,0.0,0.1261,0.1045
MsgDateTime,BridgeToBowLength,0.1905,0.3621,0.0,0.1669,0.1387
MsgDateTime,Capacity,0.1667,0.2683,0.0,0.1872,0.1371
MsgDateTime,GrossRegTons,0.2229,0.348,0.0,0.2129,0.1636
MsgDateTime,PortOfReference,0.0635,0.3328,0.0,0.2084,0.1438
MsgDateTime,DeadWeight,0.2011,0.3284,0.0,0.1491,0.1275
MsgDateTime,MainPropulsionPower,0.2053,0.3146,0.0,0.0449,0.0744
MsgDateTime,AgentCode,0.1915,0.3013,0.0,0.268,0.1833
MsgDateTime,AgentName,0.3415,0.3422,0.0,0.2681,0.2024
MsgDateTime,TerminalCode,0.2273,0.2878,0.0,0.2831,0.1931
MsgDateTime,TypeDescription,0.3076,0.3235,0.0,0.2409,0.1835
MsgDateTime,RegistrationYear,0.1042,0.4236,0.0,0.3017,0.2036
MsgDateTime,VesselNumber,0.2353,0.3674,0.0,0.0962,0.1084
MsgDateTime,ShippingLineName,0.375,0.379,0.0,0.2461,0.1985
MsgDateTime,VesselClass,0.1861,0.2978,0.0,0.1856,0.1412
TerminalID,CountryCode,0.125,0.343,0.2727,0.2539,0.2556
TerminalID,CountryName,0.0625,0.3582,0.0,0.2572,0.1707
TerminalID,Name,0.0833,0.4051,0.0,0.3239,0.2108
TerminalID,IMONumber,0.2292,0.3067,0.2727,0.4349,0.3529
TerminalID,CallSign,0.1875,0.3201,0.0,0.3395,0.2205
TerminalID,Type,0.0833,0.3617,0.0,0.2764,0.1827
TerminalID,Flag,0.0833,0.2025,0.0,0.2667,0.1619
TerminalID,FlagName,0.0833,0.3477,0.0,0.2624,0.1743
TerminalID,ClassificationEntity,0.2022,0.2449,0.0,0.2619,0.1756
TerminalID,ShipOwner,0.1875,0.3397,0.0,0.2877,0.1966
TerminalID,ShippingLineCode,0.2273,0.3618,0.2727,0.3103,0.2959
TerminalID,BaysAft,0.0,0.2754,0.0,0.1905,0.1228
TerminalID,BridgeToBowLength,0.2005,0.2753,0.0,0.1486,0.1219
TerminalID,Capacity,0.0833,0.2312,0.0,0.1903,0.1266
TerminalID,GrossRegTons,0.1429,0.3442,0.0,0.1929,0.1451
TerminalID,PortOfReference,0.1355,0.3301,0.0,0.3021,0.1976
TerminalID,DeadWeight,0.25,0.323,0.0,0.1413,0.128
TerminalID,MainPropulsionPower,0.1591,0.3249,0.0,0.1759,0.1364
TerminalID,AgentCode,0.1875,0.3501,0.2727,0.2863,0.2787
TerminalID,AgentName,0.0833,0.3649,0.0,0.2835,0.1866
TerminalID,TerminalCode,0.625,0.7083,1.0,0.6598,0.7632
TerminalID,TypeDescription,0.1444,0.3442,0.0,0.31,0.2039
TerminalID,RegistrationYear,0.1852,0.298,0.0,0.2871,0.1919
TerminalID,VesselNumber,0.15,0.3199,0.2727,0.2868,0.2722
TerminalID,ShippingLineName,0.2,0.3847,0.0,0.3317,0.2243
TerminalID,VesselClass,0.125,0.2971,0.0,0.2537,0.1691
SenderID,CountryCode,0.2622,0.3566,0.2727,0.2999,0.2936
SenderID,CountryName,0.1083,0.3935,0.0,0.1941,0.1472
SenderID,Name,0.1111,0.4508,0.0,0.3057,0.209
SenderID,IMONumber,0.3333,0.3405,0.2727,0.4688,0.3836
SenderID,CallSign,0.1562,0.3284,0.0,0.3398,0.2184
SenderID,Type,0.1111,0.3888,0.0,0.2622,0.1811
SenderID,Flag,0.0,0.2429,0.0,0.2461,0.1473
SenderID,FlagName,0.0833,0.3945,0.0,0.2579,0.1768
SenderID,ClassificationEntity,0.1389,0.2817,0.0,0.2547,0.1694
SenderID,ShipOwner,0.375,0.3939,0.0,0.3837,0.2688
SenderID,ShippingLineCode,0.2771,0.3914,0.2727,0.339,0.3182
SenderID,BaysAft,0.0,0.2504,0.0,0.1806,0.1153
SenderID,BridgeToBowLength,0.2667,0.2891,0.0,0.1351,0.1231
SenderID,Capacity,0.0833,0.2314,0.0,0.1622,0.1126
SenderID,GrossRegTons,0.0952,0.3633,0.0,0.2338,0.1627
SenderID,PortOfReference,0.1111,0.3223,0.0,0.3004,0.1935
SenderID,DeadWeight,0.2692,0.3288,0.0,0.1957,0.1577
SenderID,MainPropulsionPower,0.2558,0.3309,0.0,0.1703,0.1438
SenderID,AgentCode,0.2692,0.3809,0.2727,0.4012,0.3474
SenderID,AgentName,0.1111,0.4189,0.0,0.3949,0.2504
SenderID,TerminalCode,0.2567,0.3483,0.2727,0.3163,0.3004
SenderID,TypeDescription,0.1288,0.3687,0.0,0.3343,0.2169
SenderID,RegistrationYear,0.2273,0.3419,0.0,0.2795,0.1967
SenderID,VesselNumber,0.2222,0.349,0.2727,0.3177,0.2978
SenderID,ShippingLineName,0.2431,0.4138,0.0,0.3288,0.2301
SenderID,VesselClass,0.1667,0.3194,0.0,0.2584,0.1778
ReceipientID,CountryCode,0.1969,0.3399,0.2727,0.2972,0.2841
ReceipientID,CountryName,0.0667,0.384,0.0,0.2175,0.1538
ReceipientID,Name,0.0667,0.4383,0.0,0.2754,0.1882
ReceipientID,IMONumber,0.2167,0.3335,0.2727,0.4489,0.3613
ReceipientID,CallSign,0.1969,0.3156,0.0,0.3348,0.2187
ReceipientID,Type,0.1333,0.3772,0.0,0.2381,0.1701
ReceipientID,Flag,0.0,0.191,0.0,0.254,0.1461
ReceipientID,FlagName,0.05,0.3719,0.0,0.2565,0.1705
ReceipientID,ClassificationEntity,0.1985,0.2686,0.0,0.2982,0.1958
ReceipientID,ShipOwner,0.1969,0.3593,0.0,0.3547,0.233
ReceipientID,ShippingLineCode,0.2708,0.3562,0.2727,0.3515,0.3203
ReceipientID,BaysAft,0.05,0.2301,0.0,0.122,0.089
ReceipientID,BridgeToBowLength,0.1874,0.2789,0.0,0.1799,0.1366
ReceipientID,Capacity,0.1793,0.2421,0.0,0.1904,0.1374
ReceipientID,GrossRegTons,0.1,0.3411,0.0,0.2103,0.1492
ReceipientID,PortOfReference,0.24,0.3001,0.0,0.2836,0.1958
ReceipientID,DeadWeight,0.275,0.3128,0.0,0.1659,0.1417
ReceipientID,MainPropulsionPower,0.202,0.3421,0.0,0.1195,0.1142
ReceipientID,AgentCode,0.275,0.3754,0.2727,0.4281,0.3609
ReceipientID,AgentName,0.1714,0.4062,0.0,0.4199,0.2677
ReceipientID,TerminalCode,0.225,0.3282,0.2727,0.2698,0.2721
ReceipientID,TypeDescription,0.2975,0.3582,0.0,0.3017,0.2164
ReceipientID,RegistrationYear,0.1707,0.3448,0.0,0.3274,0.2153
ReceipientID,VesselNumber,0.12,0.3462,0.2727,0.2846,0.2707
ReceipientID,ShippingLineName,0.2424,0.397,0.0,0.3475,0.2377
ReceipientID,VesselClass,0.12,0.3131,0.0,0.2375,0.1621
VesselID,CountryCode,0.1562,0.3303,0.2727,0.1956,0.2283
VesselID,CountryName,0.0833,0.3784,0.0,0.1893,0.1408
VesselID,Name,0.1111,0.431,0.0,0.6369,0.3727
VesselID,IMONumber,0.25,0.324,0.2727,0.8313,0.5549
VesselID,CallSign,0.2083,0.3184,0.0,0.404,0.2547
VesselID,Type,0.1111,0.3679,0.0,0.6631,0.3795
VesselID,Flag,0.0,0.2067,0.0,0.2074,0.1244
VesselID,FlagName,0.0833,0.3666,0.0,0.2124,0.1512
VesselID,ClassificationEntity,0.1548,0.2971,0.0,0.6162,0.3533
VesselID,ShipOwner,0.2083,0.4557,0.7273,0.483,0.5261
VesselID,ShippingLineCode,0.2083,0.3872,0.2727,0.2837,0.2832
VesselID,BaysAft,0.0833,0.3691,0.0,0.2289,0.1597
VesselID,BridgeToBowLength,0.2,0.335,0.0,0.1876,0.1473
VesselID,Capacity,0.0833,0.2622,0.0,0.4843,0.2767
VesselID,GrossRegTons,0.1111,0.3451,0.0,0.462,0.2766
VesselID,PortOfReference,0.1111,0.4117,0.0,0.328,0.2163
VesselID,DeadWeight,0.2083,0.3251,0.0,0.4085,0.2576
VesselID,MainPropulsionPower,0.1886,0.4036,0.0,0.1421,0.1302
VesselID,AgentCode,0.1562,0.3368,0.2727,0.2614,0.2618
VesselID,AgentName,0.0833,0.3858,0.0,0.2777,0.1857
VesselID,TerminalCode,0.25,0.3192,0.2727,0.2169,0.2472
VesselID,TypeDescription,0.153,0.3592,0.0,0.6472,0.3748
VesselID,RegistrationYear,0.1429,0.3207,0.0,0.5207,0.3067
VesselID,VesselNumber,0.5385,0.7046,1.0,0.761,0.8048
VesselID,ShippingLineName,0.1935,0.4099,0.0,0.3232,0.2219
VesselID,VesselClass,0.5385,0.6729,0.7273,0.6749,0.6768
VesselName,CountryCode,0.2022,0.3523,0.0,0.1582,0.1345
VesselName,CountryName,0.5773,0.6633,0.2727,0.4142,0.413
VesselName,Name,0.7368,0.7963,0.2727,0.9459,0.7081
VesselName,IMONumber,0.3529,0.3246,0.0,0.6031,0.3693
VesselName,CallSign,0.2083,0.3455,0.0,0.5049,0.3078
VesselName,Type,0.2273,0.3822,0.0,0.6975,0.4097
VesselName,Flag,0.0,0.2408,0.0,0.2776,0.1629
VesselName,FlagName,0.5385,0.6444,0.2727,0.4375,0.4188
VesselName,ClassificationEntity,0.1548,0.3251,0.0,0.5115,0.3038
VesselName,ShipOwner,0.1833,0.4666,0.7273,0.6072,0.5868
VesselName,ShippingLineCode,0.1852,0.403,0.0,0.2821,0.1999
VesselName,BaysAft,0.2273,0.3829,0.0,0.3372,0.2296
VesselName,BridgeToBowLength,0.1333,0.38,0.0,0.2215,0.1621
VesselName,Capacity,0.0833,0.2554,0.0,0.5439,0.3058
VesselName,GrossRegTons,0.1111,0.3281,0.0,0.4923,0.2901
VesselName,PortOfReference,0.1333,0.4757,0.0,0.3699,0.2458
VesselName,DeadWeight,0.1111,0.3423,0.0,0.483,0.2868
VesselName,MainPropulsionPower,0.195,0.4347,0.0,0.2335,0.1797
VesselName,AgentCode,0.2163,0.3686,0.0,0.2911,0.2041
VesselName,AgentName,0.5915,0.6823,0.2727,0.4919,0.4551
VesselName,TerminalCode,0.25,0.3311,0.0,0.2432,0.1797
VesselName,TypeDescription,0.2159,0.4063,0.0,0.6411,0.3828
VesselName,RegistrationYear,0.1429,0.3344,0.0,0.5794,0.3374
VesselName,VesselNumber,0.75,0.7123,0.7273,0.6498,0.6893
VesselName,ShippingLineName,0.4861,0.6366,0.2727,0.5265,0.4573
VesselName,VesselClass,0.6,0.7094,0.7273,0.7376,0.7179
VesselCallSign,CountryCode,0.1913,0.3017,0.0,0.2081,0.1534
VesselCallSign,CountryName,0.1913,0.3291,0.0,0.1991,0.1516
VesselCallSign,Name,0.1786,0.3663,0.0,0.5802,0.3446
VesselCallSign,IMONumber,0.1667,0.337,0.0,0.4643,0.2825
VesselCallSign,CallSign,0.8387,0.861,0.6667,0.9011,0.8205
VesselCallSign,Type,0.0833,0.3242,0.0,0.5157,0.2986
VesselCallSign,Flag,0.0,0.3334,0.0,0.3516,0.2091
VesselCallSign,FlagName,0.1316,0.3723,0.0,0.3589,0.2298
VesselCallSign,ClassificationEntity,0.1778,0.2563,0.0,0.3652,0.226
VesselCallSign,ShipOwner,0.1667,0.4337,0.3333,0.495,0.4075
VesselCallSign,ShippingLineCode,0.2771,0.3749,0.0,0.3554,0.2429
VesselCallSign,BaysAft,0.1786,0.3415,0.0,0.3008,0.2024
VesselCallSign,BridgeToBowLength,0.1667,0.3378,0.0,0.1916,0.1463
VesselCallSign,Capacity,0.1667,0.2163,0.0,0.4158,0.2462
VesselCallSign,GrossRegTons,0.162,0.3053,0.0,0.4474,0.2704
VesselCallSign,PortOfReference,0.1111,0.389,0.0,0.3484,0.2242
VesselCallSign,DeadWeight,0.2,0.325,0.0,0.4188,0.2619
VesselCallSign,MainPropulsionPower,0.2389,0.3531,0.0,0.173,0.1457
VesselCallSign,AgentCode,0.2148,0.3126,0.0,0.3273,0.2164
VesselCallSign,AgentName,0.2148,0.3412,0.0,0.3851,0.2481
VesselCallSign,TerminalCode,0.2273,0.3117,0.0,0.2724,0.1901
VesselCallSign,TypeDescription,0.199,0.3221,0.0,0.5388,0.3215
VesselCallSign,RegistrationYear,0.1852,0.3002,0.0,0.4648,0.2809
VesselCallSign,VesselNumber,0.5045,0.657,0.3333,0.5006,0.4664
VesselCallSign,ShippingLineName,0.2771,0.3787,0.0,0.427,0.2791
VesselCallSign,VesselClass,0.5982,0.5965,0.3333,0.5567,0.4978
VslInVoyageNbr,CountryCode,0.2476,0.2959,0.0,0.2677,0.1882
VslInVoyageNbr,CountryName,0.2476,0.2919,0.0,0.1664,0.1372
VslInVoyageNbr,Name,0.2456,0.2902,0.0,0.475,0.2911
VslInVoyageNbr,IMONumber,0.2,0.2305,0.0,0.4657,0.2759
VslInVoyageNbr,CallSign,0.1667,0.2238,0.0,0.4344,0.2563
VslInVoyageNbr,Type,0.1667,0.2628,0.0,0.4052,0.2456
VslInVoyageNbr,Flag,0.1667,0.1779,0.0,0.1627,0.1158
VslInVoyageNbr,FlagName,0.2456,0.2636,0.0,0.1823,0.1421
VslInVoyageNbr,ClassificationEntity,0.1105,0.2368,0.0,0.3365,0.203
VslInVoyageNbr,ShipOwner,0.1943,0.3685,0.0,0.4868,0.2997
VslInVoyageNbr,ShippingLineCode,0.1333,0.3457,0.0,0.4222,0.259
VslInVoyageNbr,BaysAft,0.0833,0.3392,0.0,0.3101,0.1973
VslInVoyageNbr,BridgeToBowLength,0.1905,0.2678,0.0,0.2123,0.152
VslInVoyageNbr,Capacity,0.0625,0.2074,0.0,0.3893,0.2216
VslInVoyageNbr,GrossRegTons,0.1449,0.2679,0.0,0.4408,0.2617
VslInVoyageNbr,PortOfReference,0.157,0.304,0.0,0.3243,0.2082
VslInVoyageNbr,DeadWeight,0.0667,0.2086,0.0,0.3468,0.2009
VslInVoyageNbr,MainPropulsionPower,0.1556,0.2958,0.0,0.2091,0.1497
VslInVoyageNbr,AgentCode,0.1538,0.2746,0.0,0.3913,0.2385
VslInVoyageNbr,AgentName,0.2187,0.2772,0.0,0.4126,0.2559
VslInVoyageNbr,TerminalCode,0.2104,0.2663,0.0,0.2417,0.1685
VslInVoyageNbr,TypeDescription,0.1898,0.2632,0.0,0.371,0.2308
VslInVoyageNbr,RegistrationYear,0.1667,0.224,0.0,0.4866,0.2824
VslInVoyageNbr,VesselNumber,0.4375,0.3819,0.0,0.4743,0.3191
VslInVoyageNbr,ShippingLineName,0.1795,0.346,0.0,0.4026,0.2538
VslInVoyageNbr,VesselClass,0.2718,0.365,0.0,0.3843,0.2558
VslOutVoyageNbr,CountryCode,0.3104,0.2992,0.0,0.2716,0.1967
VslOutVoyageNbr,CountryName,0.3104,0.2945,0.0,0.173,0.147
VslOutVoyageNbr,Name,0.2029,0.2948,0.0,0.4968,0.2982
VslOutVoyageNbr,IMONumber,0.2,0.2471,0.0,0.4754,0.2824
VslOutVoyageNbr,CallSign,0.1389,0.2764,0.0,0.4617,0.2724
VslOutVoyageNbr,Type,0.1333,0.2786,0.0,0.4479,0.2651
VslOutVoyageNbr,Flag,0.1333,0.1975,0.0,0.1438,0.105
VslOutVoyageNbr,FlagName,0.2029,0.2744,0.0,0.1613,0.1284
VslOutVoyageNbr,ClassificationEntity,0.119,0.2655,0.0,0.3686,0.2228
VslOutVoyageNbr,ShipOwner,0.1957,0.3803,0.0,0.5109,0.313
VslOutVoyageNbr,ShippingLineCode,0.1556,0.36,0.0,0.4288,0.2659
VslOutVoyageNbr,BaysAft,0.1667,0.3371,0.0,0.3092,0.205
VslOutVoyageNbr,BridgeToBowLength,0.1905,0.2812,0.0,0.2065,0.1504
VslOutVoyageNbr,Capacity,0.0833,0.2205,0.0,0.4262,0.2435
VslOutVoyageNbr,GrossRegTons,0.1762,0.2884,0.0,0.4564,0.2747
VslOutVoyageNbr,PortOfReference,0.2619,0.3027,0.0,0.3478,0.2304
VslOutVoyageNbr,DeadWeight,0.1111,0.2494,0.0,0.3772,0.2246
VslOutVoyageNbr,MainPropulsionPower,0.1771,0.3141,0.0,0.2057,0.152
VslOutVoyageNbr,AgentCode,0.1886,0.2802,0.0,0.4336,0.2637
VslOutVoyageNbr,AgentName,0.2258,0.2803,0.0,0.4406,0.2709
VslOutVoyageNbr,TerminalCode,0.2183,0.2736,0.0,0.2043,0.1513
VslOutVoyageNbr,TypeDescription,0.1768,0.2852,0.0,0.4122,0.2523
VslOutVoyageNbr,RegistrationYear,0.1556,0.2637,0.0,0.4981,0.291
VslOutVoyageNbr,VesselNumber,0.4,0.3803,0.0,0.5012,0.3286
VslOutVoyageNbr,ShippingLineName,0.1556,0.3603,0.0,0.4,0.2516
VslOutVoyageNbr,VesselClass,0.2258,0.3776,0.0,0.4376,0.2792
ContainerNbr,CountryCode,0.321,0.2511,0.0,0.2825,0.1985
ContainerNbr,CountryName,0.321,0.3152,0.0,0.2533,0.1903
ContainerNbr,Name,0.3111,0.3435,0.0,0.3422,0.2366
ContainerNbr,IMONumber,0.3526,0.2579,0.0,0.5519,0.337
ContainerNbr,CallSign,0.1333,0.2082,0.0,0.2172,0.1427
ContainerNbr,Type,0.1481,0.2907,0.0,0.2848,0.1863
ContainerNbr,Flag,0.0741,0.1943,0.0,0.1968,0.1253
ContainerNbr,FlagName,0.2523,0.3082,0.0,0.2824,0.1972
ContainerNbr,ClassificationEntity,0.2439,0.2855,0.0,0.2836,0.1948
ContainerNbr,ShipOwner,0.3351,0.3125,0.0,0.3432,0.2364
ContainerNbr,ShippingLineCode,0.2133,0.3104,0.0,0.2615,0.1831
ContainerNbr,BaysAft,0.0741,0.3688,0.0,0.2273,0.1579
ContainerNbr,BridgeToBowLength,0.1434,0.2701,0.0,0.1216,0.1021
ContainerNbr,Capacity,0.1481,0.3383,0.0,0.2475,0.1724
ContainerNbr,GrossRegTons,0.1111,0.2831,0.0,0.2703,0.1746
ContainerNbr,PortOfReference,0.2046,0.345,0.0,0.2377,0.1738
ContainerNbr,DeadWeight,0.0741,0.2659,0.0,0.1653,0.1167
ContainerNbr,MainPropulsionPower,0.261,0.2584,0.0,0.1046,0.1042
ContainerNbr,AgentCode,0.1905,0.2487,0.0,0.2711,0.1795
ContainerNbr,AgentName,0.2523,0.3139,0.0,0.2842,0.1987
ContainerNbr,TerminalCode,0.2511,0.242,0.0,0.209,0.1538
ContainerNbr,TypeDescription,0.1566,0.3238,0.0,0.2966,0.1963
ContainerNbr,RegistrationYear,0.2214,0.2297,0.0,0.2982,0.1942
ContainerNbr,VesselNumber,0.3526,0.3854,0.0,0.4645,0.306
ContainerNbr,ShippingLineName,0.294,0.3371,0.0,0.3101,0.2181
ContainerNbr,VesselClass,0.1333,0.3751,0.0,0.2763,0.189
ContainerISOType,CountryCode,0.2456,0.3482,0.0,0.5164,0.3176
ContainerISOType,CountryName,0.2456,0.357,0.0,0.1756,0.1481
ContainerISOType,Name,0.2456,0.3874,0.0,0.254,0.1903
ContainerISOType,IMONumber,0.4375,0.348,0.0,0.3469,0.252
ContainerISOType,CallSign,0.1889,0.2809,0.0,0.2176,0.1558
ContainerISOType,Type,0.5789,0.6816,0.1579,0.3993,0.3731
ContainerISOType,Flag,0.0556,0.2129,0.0,0.1656,0.1097
ContainerISOType,FlagName,0.2074,0.339,0.0,0.2148,0.1621
ContainerISOType,ClassificationEntity,0.2299,0.3422,0.0,0.268,0.1912
ContainerISOType,ShipOwner,0.2423,0.3458,0.0,0.2556,0.1866
ContainerISOType,ShippingLineCode,0.2867,0.3858,0.0,0.3235,0.229
ContainerISOType,BaysAft,0.0556,0.3222,0.0,0.1773,0.1264
ContainerISOType,BridgeToBowLength,0.1383,0.293,0.0,0.0773,0.0818
ContainerISOType,Capacity,0.1843,0.3455,0.0,0.2471,0.1765
ContainerISOType,GrossRegTons,0.2039,0.3277,0.0,0.2565,0.1814
ContainerISOType,PortOfReference,0.1333,0.3436,0.0,0.3,0.1977
ContainerISOType,DeadWeight,0.1111,0.3106,0.0,0.1948,0.1396
ContainerISOType,MainPropulsionPower,0.2648,0.2946,0.0,0.0879,0.0999
ContainerISOType,AgentCode,0.2074,0.3485,0.0,0.3256,0.2184
ContainerISOType,AgentName,0.2074,0.3575,0.0,0.2778,0.1954
ContainerISOType,TerminalCode,0.2553,0.3395,0.0,0.2861,0.2025
ContainerISOType,TypeDescription,0.5223,0.6127,0.1579,0.3417,0.3317
ContainerISOType,RegistrationYear,0.2076,0.2622,0.0,0.221,0.1575
ContainerISOType,VesselNumber,0.2353,0.4541,0.0,0.2048,0.1714
ContainerISOType,ShippingLineName,0.2867,0.3763,0.0,0.2505,0.1916
ContainerISOType,VesselClass,0.1954,0.4445,0.0,0.3014,0.2147
ContainerCategory,CountryCode,0.3542,0.3515,0.0,0.1971,0.1691
ContainerCategory,CountryName,0.3542,0.3656,0.0,0.2699,0.2069
ContainerCategory,Name,0.3111,0.3805,0.0,0.3592,0.2488
ContainerCategory,IMONumber,0.2292,0.2843,0.0,0.2283,0.1655
ContainerCategory,CallSign,0.209,0.2347,0.0,0.1704,0.1296
ContainerCategory,Type,0.1949,0.3968,0.0,0.3091,0.2137
ContainerCategory,Flag,0.1214,0.2839,0.0,0.2183,0.1497
ContainerCategory,FlagName,0.2567,0.3602,0.0,0.285,0.2042
ContainerCategory,ClassificationEntity,0.2622,0.4659,0.0,0.2841,0.2148
ContainerCategory,ShipOwner,0.3086,0.3353,0.0,0.2653,0.1971
ContainerCategory,ShippingLineCode,0.294,0.3789,0.0,0.2343,0.1844
ContainerCategory,BaysAft,0.1214,0.3168,0.0,0.21,0.1488
ContainerCategory,BridgeToBowLength,0.1214,0.293,0.0,0.1241,0.1035
ContainerCategory,Capacity,0.3325,0.3478,0.0,0.3223,0.2292
ContainerCategory,GrossRegTons,0.2214,0.3321,0.0,0.2238,0.1672
ContainerCategory,PortOfReference,0.2046,0.3589,0.0,0.2169,0.1648
ContainerCategory,DeadWeight,0.1214,0.3089,0.0,0.2188,0.1524
ContainerCategory,MainPropulsionPower,0.2724,0.3381,0.0,0.1913,0.1567
ContainerCategory,AgentCode,0.2917,0.3418,0.0,0.2368,0.1817
ContainerCategory,AgentName,0.2917,0.3543,0.0,0.2833,0.2062
ContainerCategory,TerminalCode,0.2846,0.3557,0.0,0.2642,0.1961
ContainerCategory,TypeDescription,0.1646,0.4015,0.0,0.2792,0.1962
ContainerCategory,RegistrationYear,0.2214,0.2879,0.0,0.2209,0.1614
ContainerCategory,VesselNumber,0.2292,0.4116,0.0,0.1832,0.1557
ContainerCategory,ShippingLineName,0.294,0.3674,0.0,0.2734,0.2028
ContainerCategory,VesselClass,0.1736,0.509,0.0,0.3491,0.2428
ContainerLoadPort,CountryCode,0.31,0.3433,0.0,0.1106,0.1206
ContainerLoadPort,CountryName,0.2883,0.355,0.0,0.1863,0.1575
ContainerLoadPort,Name,0.1667,0.3849,0.0,0.3947,0.2525
ContainerLoadPort,IMONumber,0.1481,0.2808,0.0,0.2574,0.1716
ContainerLoadPort,CallSign,0.1026,0.3069,0.0,0.3142,0.198
ContainerLoadPort,Type,0.1111,0.3151,0.0,0.348,0.2166
ContainerLoadPort,Flag,0.1625,0.247,0.0,0.1621,0.122
ContainerLoadPort,FlagName,0.2333,0.3496,0.0,0.2158,0.1662
ContainerLoadPort,ClassificationEntity,0.2256,0.2625,0.0,0.2084,0.153
ContainerLoadPort,ShipOwner,0.1932,0.3529,0.0,0.3113,0.2103
ContainerLoadPort,ShippingLineCode,0.2867,0.3911,0.0,0.2384,0.187
ContainerLoadPort,BaysAft,0.1444,0.3534,0.0,0.295,0.1973
ContainerLoadPort,BridgeToBowLength,0.199,0.3192,0.0,0.1153,0.1094
ContainerLoadPort,Capacity,0.2216,0.3551,0.0,0.3099,0.2126
ContainerLoadPort,GrossRegTons,0.2105,0.3353,0.0,0.2549,0.182
ContainerLoadPort,PortOfReference,0.5211,0.6145,0.3333,0.3838,0.4055
ContainerLoadPort,DeadWeight,0.2917,0.3435,0.0,0.2632,0.1951
ContainerLoadPort,MainPropulsionPower,0.3111,0.3338,0.0,0.2182,0.1736
ContainerLoadPort,AgentCode,0.2721,0.3314,0.0,0.2242,0.1725
ContainerLoadPort,AgentName,0.2133,0.3421,0.0,0.2839,0.1975
ContainerLoadPort,TerminalCode,0.2778,0.3517,0.0,0.2153,0.1706
ContainerLoadPort,TypeDescription,0.1616,0.3356,0.0,0.306,0.2027
ContainerLoadPort,RegistrationYear,0.2106,0.2497,0.0,0.2156,0.1538
ContainerLoadPort,VesselNumber,0.1481,0.4169,0.0,0.2038,0.1584
ContainerLoadPort,ShippingLineName,0.2628,0.3902,0.0,0.3242,0.2274
ContainerLoadPort,VesselClass,0.1526,0.4307,0.0,0.3509,0.2338
ContainerDischPort,CountryCode,0.2549,0.2937,0.0,0.1329,0.1213
ContainerDischPort,CountryName,0.2549,0.3235,0.0,0.162,0.1388
ContainerDischPort,Name,0.1667,0.3414,0.0,0.3878,0.2447
ContainerDischPort,IMONumber,0.2133,0.2816,0.0,0.3174,0.2082
ContainerDischPort,CallSign,0.1689,0.2769,0.0,0.3298,0.2095
ContainerDischPort,Type,0.1111,0.2927,0.0,0.3742,0.2275
ContainerDischPort,Flag,0.0556,0.2467,0.0,0.1709,0.1157
ContainerDischPort,FlagName,0.1481,0.3183,0.0,0.1984,0.1458
ContainerDischPort,ClassificationEntity,0.2256,0.2607,0.0,0.2519,0.1746
ContainerDischPort,ShipOwner,0.1932,0.3662,0.0,0.3523,0.2321
ContainerDischPort,ShippingLineCode,0.2776,0.3459,0.0,0.2491,0.1869
ContainerDischPort,BaysAft,0.1444,0.3513,0.0,0.3139,0.2065
ContainerDischPort,BridgeToBowLength,0.1847,0.3067,0.0,0.1528,0.1255
ContainerDischPort,Capacity,0.2216,0.3408,0.0,0.338,0.2253
ContainerDischPort,GrossRegTons,0.1709,0.3234,0.0,0.2607,0.1798
ContainerDischPort,PortOfReference,0.4938,0.6065,0.3333,0.3661,0.3931
ContainerDischPort,DeadWeight,0.1704,0.2885,0.0,0.2087,0.1502
ContainerDischPort,MainPropulsionPower,0.2935,0.3013,0.0,0.2198,0.1694
ContainerDischPort,AgentCode,0.2249,0.2823,0.0,0.2427,0.1721
ContainerDischPort,AgentName,0.2133,0.311,0.0,0.303,0.204
ContainerDischPort,TerminalCode,0.2553,0.3064,0.0,0.2408,0.1765
ContainerDischPort,TypeDescription,0.236,0.3201,0.0,0.3441,0.2276
ContainerDischPort,RegistrationYear,0.1897,0.2572,0.0,0.2497,0.1696
ContainerDischPort,VesselNumber,0.2,0.4094,0.0,0.2562,0.189
ContainerDischPort,ShippingLineName,0.2521,0.3553,0.0,0.3095,0.2155
ContainerDischPort,VesselClass,0.1556,0.4122,0.0,0.3693,0.2414
ContainerLineOpr,CountryCode,0.31,0.3333,0.0,0.1549,0.1418
ContainerLineOpr,CountryName,0.31,0.3685,0.0,0.2252,0.1804
ContainerLineOpr,Name,0.2456,0.4071,0.0,0.3485,0.2395
ContainerLineOpr,IMONumber,0.2692,0.3534,0.0,0.3081,0.2163
ContainerLineOpr,CallSign,0.1889,0.3279,0.0,0.2968,0.2001
ContainerLineOpr,Type,0.2453,0.3291,0.0,0.3008,0.2078
ContainerLineOpr,Flag,0.0556,0.2659,0.0,0.1747,0.1195
ContainerLineOpr,FlagName,0.2074,0.3715,0.0,0.2354,0.1756
ContainerLineOpr,ClassificationEntity,0.1961,0.2574,0.0,0.2211,0.1559
ContainerLineOpr,ShipOwner,0.3327,0.3595,0.0,0.3254,0.2319
ContainerLineOpr,ShippingLineCode,0.5278,0.5786,0.3333,0.4156,0.4185
ContainerLineOpr,BaysAft,0.0556,0.3043,0.0,0.2023,0.1372
ContainerLineOpr,BridgeToBowLength,0.1886,0.3465,0.0,0.1793,0.1431
ContainerLineOpr,Capacity,0.1843,0.3237,0.0,0.2481,0.1748
ContainerLineOpr,GrossRegTons,0.2105,0.3419,0.0,0.2273,0.1689
ContainerLineOpr,PortOfReference,0.2338,0.3437,0.0,0.1937,0.1546
ContainerLineOpr,DeadWeight,0.1111,0.3334,0.0,0.2102,0.1495
ContainerLineOpr,MainPropulsionPower,0.3192,0.3138,0.0,0.0936,0.1101
ContainerLineOpr,AgentCode,0.2721,0.3325,0.0,0.2513,0.1861
ContainerLineOpr,AgentName,0.2249,0.3675,0.0,0.3293,0.2239
ContainerLineOpr,TerminalCode,0.2846,0.338,0.0,0.2278,0.1762
ContainerLineOpr,TypeDescription,0.1996,0.3668,0.0,0.3092,0.2112
ContainerLineOpr,RegistrationYear,0.1961,0.2637,0.0,0.2018,0.1469
ContainerLineOpr,VesselNumber,0.2353,0.4091,0.0,0.2519,0.1904
ContainerLineOpr,ShippingLineName,0.5061,0.5904,0.3333,0.4143,0.4168
ContainerLineOpr,VesselClass,0.1633,0.4135,0.0,0.3165,0.216
ContainerStatus,CountryCode,0.2778,0.3335,0.0,0.1675,0.1449
ContainerStatus,CountryName,0.2857,0.3478,0.0,0.2062,0.1665
ContainerStatus,Name,0.2857,0.3654,0.0,0.3416,0.2359
ContainerStatus,IMONumber,0.1905,0.3303,0.0,0.312,0.2081
ContainerStatus,CallSign,0.1944,0.3235,0.0,0.2627,0.1831
ContainerStatus,Type,0.2074,0.3673,0.0,0.2853,0.2001
ContainerStatus,Flag,0.1515,0.2728,0.0,0.2228,0.1538
ContainerStatus,FlagName,0.25,0.3458,0.0,0.2629,0.191
ContainerStatus,ClassificationEntity,0.2738,0.2923,0.0,0.1741,0.1436
ContainerStatus,ShipOwner,0.3056,0.3753,0.0,0.3544,0.2453
ContainerStatus,ShippingLineCode,0.2584,0.3711,0.0,0.2097,0.1678
ContainerStatus,BaysAft,0.2353,0.3088,0.0,0.265,0.1869
ContainerStatus,BridgeToBowLength,0.0741,0.2641,0.0,0.1155,0.0916
ContainerStatus,Capacity,0.1949,0.367,0.0,0.37,0.2412
ContainerStatus,GrossRegTons,0.235,0.3622,0.0,0.2654,0.1924
ContainerStatus,PortOfReference,0.1795,0.3496,0.0,0.2625,0.1842
ContainerStatus,DeadWeight,0.1389,0.3483,0.0,0.241,0.1692
ContainerStatus,MainPropulsionPower,0.2773,0.3171,0.0,0.1825,0.1507
ContainerStatus,AgentCode,0.1905,0.3203,0.0,0.2587,0.1804
ContainerStatus,AgentName,0.2353,0.3324,0.0,0.3516,0.2326
ContainerStatus,TerminalCode,0.2083,0.316,0.0,0.1601,0.1325
ContainerStatus,TypeDescription,0.202,0.3812,0.0,0.2926,0.2046
ContainerStatus,RegistrationYear,0.2778,0.3362,0.0,0.2505,0.1867
ContainerStatus,VesselNumber,0.1905,0.4574,0.0,0.2855,0.2075
ContainerStatus,ShippingLineName,0.2712,0.3607,0.0,0.3035,0.2149
ContainerStatus,VesselClass,0.2469,0.4144,0.0,0.3223,0.2273
ContainerCommodity,CountryCode,0.3333,0.2732,0.0,0.2127,0.167
ContainerCommodity,CountryName,0.3333,0.3281,0.0,0.1868,0.1596
ContainerCommodity,Name,0.2667,0.3306,0.0,0.293,0.2062
ContainerCommodity,IMONumber,0.2778,0.2487,0.0,0.2431,0.1742
ContainerCommodity,CallSign,0.1667,0.1846,0.0,0.1503,0.1103
ContainerCommodity,Type,0.1481,0.2867,0.0,0.3625,0.2247
ContainerCommodity,Flag,0.0741,0.209,0.0,0.1901,0.1234
ContainerCommodity,FlagName,0.2222,0.2978,0.0,0.2022,0.1531
ContainerCommodity,ClassificationEntity,0.3007,0.2719,0.0,0.2338,0.1742
ContainerCommodity,ShipOwner,0.2778,0.3302,0.0,0.3311,0.2263
ContainerCommodity,ShippingLineCode,0.3137,0.3233,0.0,0.2109,0.1691
ContainerCommodity,BaysAft,0.1111,0.3018,0.0,0.1924,0.1375
ContainerCommodity,BridgeToBowLength,0.1111,0.2586,0.0,0.1145,0.0942
ContainerCommodity,Capacity,0.381,0.3601,0.0,0.4108,0.2795
ContainerCommodity,GrossRegTons,0.1569,0.2952,0.0,0.2846,0.1875
ContainerCommodity,PortOfReference,0.1905,0.3358,0.0,0.19,0.1476
ContainerCommodity,DeadWeight,0.1111,0.2947,0.0,0.2818,0.1815
ContainerCommodity,MainPropulsionPower,0.2832,0.273,0.0,0.2173,0.1643
ContainerCommodity,AgentCode,0.2667,0.2566,0.0,0.2389,0.1718
ContainerCommodity,AgentName,0.2222,0.3115,0.0,0.3073,0.207
ContainerCommodity,TerminalCode,0.303,0.2273,0.0,0.1447,0.1254
ContainerCommodity,TypeDescription,0.1566,0.3199,0.0,0.3081,0.2017
ContainerCommodity,RegistrationYear,0.1711,0.2192,0.0,0.2054,0.1417
ContainerCommodity,VesselNumber,0.2222,0.3929,0.0,0.1529,0.138
ContainerCommodity,ShippingLineName,0.254,0.3431,0.0,0.229,0.1742
ContainerCommodity,VesselClass,0.1667,0.408,0.0,0.3112,0.2131
ContainerIsReefer,CountryCode,0.2857,0.2475,0.0,0.1938,0.1502
ContainerIsReefer,CountryName,0.2857,0.3462,0.0,0.2203,0.1733
ContainerIsReefer,Name,0.2857,0.3911,0.0,0.3991,0.2672
ContainerIsReefer,IMONumber,0.2667,0.2546,0.0,0.3501,0.2272
ContainerIsReefer,CallSign,0.1333,0.2285,0.0,0.3031,0.1878
ContainerIsReefer,Type,0.2074,0.2879,0.0,0.379,0.239
ContainerIsReefer,Flag,0.0741,0.2172,0.0,0.2342,0.1462
ContainerIsReefer,FlagName,0.2353,0.343,0.0,0.2814,0.1985
ContainerIsReefer,ClassificationEntity,0.2188,0.2728,0.0,0.3196,0.209
ContainerIsReefer,ShipOwner,0.3241,0.3608,0.0,0.3701,0.2536
ContainerIsReefer,ShippingLineCode,0.2712,0.3154,0.0,0.2443,0.1808
ContainerIsReefer,BaysAft,0.1389,0.3337,0.0,0.2816,0.188
ContainerIsReefer,BridgeToBowLength,0.1434,0.3055,0.0,0.1684,0.1291
ContainerIsReefer,Capacity,0.1481,0.3368,0.0,0.3301,0.2135
ContainerIsReefer,GrossRegTons,0.2222,0.307,0.0,0.2926,0.1992
ContainerIsReefer,PortOfReference,0.3333,0.35,0.0,0.3231,0.2299
ContainerIsReefer,DeadWeight,0.1515,0.2998,0.0,0.2398,0.165
ContainerIsReefer,MainPropulsionPower,0.2893,0.3057,0.0,0.1747,0.1469
ContainerIsReefer,AgentCode,0.25,0.2757,0.0,0.2705,0.1878
ContainerIsReefer,AgentName,0.25,0.3646,0.0,0.356,0.2395
ContainerIsReefer,TerminalCode,0.2632,0.2447,0.0,0.2191,0.1603
ContainerIsReefer,TypeDescription,0.1735,0.3355,0.0,0.3525,0.2272
ContainerIsReefer,RegistrationYear,0.2846,0.2548,0.0,0.2997,0.2038
ContainerIsReefer,VesselNumber,0.3333,0.4144,0.0,0.3301,0.2398
ContainerIsReefer,ShippingLineName,0.2712,0.3706,0.0,0.3232,0.2258
ContainerIsReefer,VesselClass,0.2778,0.4312,0.0,0.3533,0.2475
ContainerRequiredTemp,CountryCode,0.2095,0.2777,0.0,0.1725,0.135
ContainerRequiredTemp,CountryName,0.2764,0.3087,0.0,0.1393,0.1282
ContainerRequiredTemp,Name,0.2764,0.3406,0.0,0.2045,0.1639
ContainerRequiredTemp,IMONumber,0.2846,0.2818,0.0,0.2366,0.1749
ContainerRequiredTemp,CallSign,0.1389,0.2451,0.0,0.157,0.1169
ContainerRequiredTemp,Type,0.2216,0.3191,0.0,0.2118,0.16
ContainerRequiredTemp,Flag,0.0556,0.1974,0.0,0.155,0.1028
ContainerRequiredTemp,FlagName,0.229,0.3074,0.0,0.172,0.1396
ContainerRequiredTemp,ClassificationEntity,0.2439,0.2478,0.0,0.1592,0.1288
ContainerRequiredTemp,ShipOwner,0.3058,0.3277,0.0,0.2484,0.1875
ContainerRequiredTemp,ShippingLineCode,0.2628,0.3285,0.0,0.176,0.1471
ContainerRequiredTemp,BaysAft,0.0556,0.279,0.0,0.0896,0.0782
ContainerRequiredTemp,BridgeToBowLength,0.1343,0.2717,0.0,0.0357,0.0584
ContainerRequiredTemp,Capacity,0.1111,0.3416,0.0,0.2524,0.1715
ContainerRequiredTemp,GrossRegTons,0.197,0.3284,0.0,0.2005,0.1528
ContainerRequiredTemp,PortOfReference,0.2469,0.3368,0.0,0.1907,0.1537
ContainerRequiredTemp,DeadWeight,0.2245,0.3113,0.0,0.158,0.1326
ContainerRequiredTemp,MainPropulsionPower,0.244,0.2787,0.0,0.1419,0.1232
ContainerRequiredTemp,AgentCode,0.2408,0.2805,0.0,0.2088,0.1565
ContainerRequiredTemp,AgentName,0.2505,0.3117,0.0,0.2521,0.1822
ContainerRequiredTemp,TerminalCode,0.3359,0.2749,0.0,0.1332,0.1277
ContainerRequiredTemp,TypeDescription,0.217,0.3525,0.0,0.2032,0.1586
ContainerRequiredTemp,RegistrationYear,0.2453,0.3049,0.0,0.2467,0.1784
ContainerRequiredTemp,VesselNumber,0.2692,0.3889,0.0,0.1181,0.1248
ContainerRequiredTemp,ShippingLineName,0.2867,0.3402,0.0,0.1777,0.1515
ContainerRequiredTemp,VesselClass,0.2239,0.3733,0.0,0.1963,0.1579
ContainerReqTempUnit,CountryCode,0.2114,0.3035,0.0,0.1376,0.1203
ContainerReqTempUnit,CountryName,0.2631,0.3219,0.0,0.155,0.136
ContainerReqTempUnit,Name,0.2029,0.355,0.0,0.2437,0.1777
ContainerReqTempUnit,IMONumber,0.2567,0.3413,0.0,0.2779,0.1988
ContainerReqTempUnit,CallSign,0.0833,0.2852,0.0,0.1648,0.1193
ContainerReqTempUnit,Type,0.1604,0.3207,0.0,0.2238,0.16
ContainerReqTempUnit,Flag,0.0444,0.1928,0.0,0.1752,0.1113
ContainerReqTempUnit,FlagName,0.1761,0.3163,0.0,0.1882,0.1433
ContainerReqTempUnit,ClassificationEntity,0.2812,0.3327,0.0,0.1358,0.1293
ContainerReqTempUnit,ShipOwner,0.3137,0.3755,0.0,0.2419,0.1899
ContainerReqTempUnit,ShippingLineCode,0.1955,0.359,0.0,0.1486,0.1297
ContainerReqTempUnit,BaysAft,0.1204,0.3245,0.0,0.1876,0.1383
ContainerReqTempUnit,BridgeToBowLength,0.199,0.3262,0.0,0.0922,0.0986
ContainerReqTempUnit,Capacity,0.1604,0.3607,0.0,0.3394,0.2218
ContainerReqTempUnit,GrossRegTons,0.3226,0.3424,0.0,0.2598,0.1964
ContainerReqTempUnit,PortOfReference,0.2174,0.334,0.0,0.1917,0.151
ContainerReqTempUnit,DeadWeight,0.261,0.3528,0.0,0.2153,0.169
ContainerReqTempUnit,MainPropulsionPower,0.2503,0.3458,0.0,0.2463,0.1828
ContainerReqTempUnit,AgentCode,0.2489,0.3191,0.0,0.1672,0.1404
ContainerReqTempUnit,AgentName,0.2558,0.339,0.0,0.2487,0.1838
ContainerReqTempUnit,TerminalCode,0.2858,0.2984,0.0,0.152,0.1344
ContainerReqTempUnit,TypeDescription,0.2,0.3616,0.0,0.2477,0.18
ContainerReqTempUnit,RegistrationYear,0.2151,0.2925,0.0,0.2001,0.1508
ContainerReqTempUnit,VesselNumber,0.2273,0.4296,0.0,0.1777,0.1545
ContainerReqTempUnit,ShippingLineName,0.2217,0.3601,0.0,0.2074,0.1619
ContainerReqTempUnit,VesselClass,0.162,0.4165,0.0,0.2252,0.1705
ContainerGrossWt,CountryCode,0.2689,0.2653,0.0,0.1446,0.1257
ContainerGrossWt,CountryName,0.2151,0.3185,0.0,0.1842,0.1454
ContainerGrossWt,Name,0.1667,0.3359,0.0,0.253,0.1768
ContainerGrossWt,IMONumber,0.2133,0.2661,0.0,0.1955,0.1457
ContainerGrossWt,CallSign,0.1026,0.2098,0.0,0.1285,0.0955
ContainerGrossWt,Type,0.1111,0.3244,0.0,0.2566,0.1718
ContainerGrossWt,Flag,0.0556,0.1935,0.0,0.1146,0.0822
ContainerGrossWt,FlagName,0.1481,0.302,0.0,0.1664,0.1282
ContainerGrossWt,ClassificationEntity,0.2256,0.2422,0.0,0.1502,0.1219
ContainerGrossWt,ShipOwner,0.2423,0.3023,0.0,0.2533,0.1811
ContainerGrossWt,ShippingLineCode,0.2222,0.3007,0.0,0.1768,0.1407
ContainerGrossWt,BaysAft,0.2379,0.3279,0.0,0.1617,0.1374
ContainerGrossWt,BridgeToBowLength,0.168,0.2965,0.0,0.1527,0.1228
ContainerGrossWt,Capacity,0.1522,0.3071,0.0,0.3614,0.2266
ContainerGrossWt,GrossRegTons,0.4619,0.5515,0.3333,0.4623,0.4325
ContainerGrossWt,PortOfReference,0.2,0.335,0.0,0.0798,0.0934
ContainerGrossWt,DeadWeight,0.1778,0.3339,0.0,0.4161,0.2592
ContainerGrossWt,MainPropulsionPower,0.2984,0.2712,0.0,0.213,0.1634
ContainerGrossWt,AgentCode,0.2551,0.2495,0.0,0.1827,0.1418
ContainerGrossWt,AgentName,0.2133,0.3064,0.0,0.2561,0.18
ContainerGrossWt,TerminalCode,0.2168,0.2452,0.0,0.1051,0.0988
ContainerGrossWt,TypeDescription,0.1448,0.3401,0.0,0.2343,0.1656
ContainerGrossWt,RegistrationYear,0.174,0.2329,0.0,0.1603,0.1208
ContainerGrossWt,VesselNumber,0.2,0.3329,0.0,0.1496,0.1281
ContainerGrossWt,ShippingLineName,0.1616,0.3284,0.0,0.2154,0.1567
ContainerGrossWt,VesselClass,0.2395,0.3582,0.0,0.2803,0.1999
ContainerGrossWtUnit,CountryCode,0.2794,0.305,0.0,0.1898,0.1534
ContainerGrossWtUnit,CountryName,0.2424,0.3246,0.0,0.181,0.1472
ContainerGrossWtUnit,Name,0.1333,0.3426,0.0,0.2796,0.1874
ContainerGrossWtUnit,IMONumber,0.2113,0.3346,0.0,0.287,0.1981
ContainerGrossWtUnit,CallSign,0.0833,0.2429,0.0,0.1328,0.099
ContainerGrossWtUnit,Type,0.0889,0.3243,0.0,0.2792,0.1809
ContainerGrossWtUnit,Flag,0.0444,0.1928,0.0,0.1293,0.0884
ContainerGrossWtUnit,FlagName,0.1212,0.3075,0.0,0.176,0.1309
ContainerGrossWtUnit,ClassificationEntity,0.3025,0.3194,0.0,0.1798,0.1521
ContainerGrossWtUnit,ShipOwner,0.272,0.3568,0.0,0.2827,0.2042
ContainerGrossWtUnit,ShippingLineCode,0.2116,0.3416,0.0,0.2015,0.1561
ContainerGrossWtUnit,BaysAft,0.2432,0.3375,0.0,0.1754,0.1458
ContainerGrossWtUnit,BridgeToBowLength,0.217,0.3385,0.0,0.1701,0.1406
ContainerGrossWtUnit,Capacity,0.187,0.3355,0.0,0.4149,0.2597
ContainerGrossWtUnit,GrossRegTons,0.3885,0.551,0.25,0.496,0.4169
ContainerGrossWtUnit,PortOfReference,0.2025,0.3355,0.0,0.11,0.1088
ContainerGrossWtUnit,DeadWeight,0.2074,0.36,0.0,0.457,0.2852
ContainerGrossWtUnit,MainPropulsionPower,0.2943,0.3445,0.0,0.2372,0.1825
ContainerGrossWtUnit,AgentCode,0.2489,0.3061,0.0,0.2115,0.1613
ContainerGrossWtUnit,AgentName,0.2173,0.33,0.0,0.2805,0.195
ContainerGrossWtUnit,TerminalCode,0.2067,0.287,0.0,0.1147,0.1067
ContainerGrossWtUnit,TypeDescription,0.1698,0.3632,0.0,0.2636,0.1851
ContainerGrossWtUnit,RegistrationYear,0.1754,0.2719,0.0,0.2227,0.1561
ContainerGrossWtUnit,VesselNumber,0.2,0.3932,0.0,0.2431,0.1809
ContainerGrossWtUnit,ShippingLineName,0.1653,0.3497,0.0,0.2443,0.1737
ContainerGrossWtUnit,VesselClass,0.2008,0.4085,0.0,0.2963,0.2091
Container SealNo1,CountryCode,0.2456,0.2445,0.0,0.2731,0.1855
Container SealNo1,CountryName,0.2456,0.3372,0.0,0.2579,0.1872
Container SealNo1,Name,0.2456,0.3797,0.0,0.3489,0.237
Container SealNo1,IMONumber,0.1905,0.3196,0.0,0.3751,0.2385
Container SealNo1,CallSign,0.1932,0.3045,0.0,0.2869,0.1932
Container SealNo1,Type,0.1111,0.2767,0.0,0.2938,0.1857
Container SealNo1,Flag,0.1625,0.2498,0.0,0.2141,0.1483
Container SealNo1,FlagName,0.2846,0.3531,0.0,0.3042,0.2159
Container SealNo1,ClassificationEntity,0.2256,0.2442,0.0,0.225,0.1595
Container SealNo1,ShipOwner,0.3208,0.3354,0.0,0.3012,0.2162
Container SealNo1,ShippingLineCode,0.2628,0.3141,0.0,0.2762,0.1958
Container SealNo1,BaysAft,0.0556,0.2884,0.0,0.2187,0.1438
Container SealNo1,BridgeToBowLength,0.2037,0.2655,0.0,0.0901,0.0919
Container SealNo1,Capacity,0.1522,0.2971,0.0,0.2424,0.1661
Container SealNo1,GrossRegTons,0.237,0.3057,0.0,0.2253,0.1669
Container SealNo1,PortOfReference,0.1872,0.3397,0.0,0.2635,0.1845
Container SealNo1,DeadWeight,0.2529,0.309,0.0,0.1492,0.1308
Container SealNo1,MainPropulsionPower,0.2312,0.2801,0.0,0.0828,0.0925
Container SealNo1,AgentCode,0.2639,0.2816,0.0,0.2676,0.1884
Container SealNo1,AgentName,0.2639,0.3623,0.0,0.339,0.2321
Container SealNo1,TerminalCode,0.3359,0.2417,0.0,0.2077,0.1616
Container SealNo1,TypeDescription,0.1448,0.3165,0.0,0.2797,0.186
Container SealNo1,RegistrationYear,0.2974,0.2459,0.0,0.3132,0.2109
Container SealNo1,VesselNumber,0.303,0.4106,0.0,0.3523,0.2475
Container SealNo1,ShippingLineName,0.2628,0.3641,0.0,0.3583,0.2419
Container SealNo1,VesselClass,0.2222,0.3642,0.0,0.2808,0.199
ActivityType,CountryCode,0.25,0.3817,0.0,0.128,0.1272
ActivityType,CountryName,0.25,0.3682,0.0,0.1249,0.1242
ActivityType,Name,0.1667,0.4005,0.0,0.1827,0.1481
ActivityType,IMONumber,0.1458,0.3462,0.0,0.1626,0.1305
ActivityType,CallSign,0.0833,0.3171,0.0,0.1975,0.1388
ActivityType,Type,0.72,0.814,0.2727,0.4154,0.4429
ActivityType,Flag,0.0,0.2118,0.0,0.1641,0.1032
ActivityType,FlagName,0.125,0.3465,0.0,0.1549,0.1246
ActivityType,ClassificationEntity,0.3607,0.3828,0.0,0.2424,0.1955
ActivityType,ShipOwner,0.1625,0.3123,0.0,0.1404,0.1177
ActivityType,ShippingLineCode,0.1974,0.3741,0.0,0.1288,0.1215
ActivityType,BaysAft,0.125,0.2942,0.0,0.1554,0.1196
ActivityType,BridgeToBowLength,0.1167,0.313,0.0,0.0937,0.0898
ActivityType,Capacity,0.3,0.3428,0.0,0.1988,0.1637
ActivityType,GrossRegTons,0.1154,0.3087,0.0,0.1937,0.1392
ActivityType,PortOfReference,0.1181,0.3179,0.0,0.1524,0.1198
ActivityType,DeadWeight,0.125,0.3218,0.0,0.1595,0.1244
ActivityType,MainPropulsionPower,0.1514,0.3801,0.0,0.1685,0.1374
ActivityType,AgentCode,0.25,0.3889,0.0,0.1535,0.1407
ActivityType,AgentName,0.25,0.375,0.0,0.1503,0.1376
ActivityType,TerminalCode,0.1875,0.3735,0.0,0.2515,0.1818
ActivityType,TypeDescription,0.6364,0.7196,0.2727,0.3383,0.3866
ActivityType,RegistrationYear,0.1,0.2739,0.0,0.1701,0.1224
ActivityType,VesselNumber,0.1111,0.3918,0.0,0.1043,0.1024
ActivityType,ShippingLineName,0.1974,0.3617,0.0,0.1558,0.1338
ActivityType,VesselClass,0.1458,0.4224,0.0,0.2244,0.169
ActivityDateTime,CountryCode,0.25,0.3426,0.0,0.2188,0.1687
ActivityDateTime,CountryName,0.3947,0.358,0.0,0.2095,0.18
ActivityDateTime,Name,0.4,0.3802,0.0,0.1632,0.1596
ActivityDateTime,IMONumber,0.3231,0.3591,0.0,0.1214,0.1289
ActivityDateTime,CallSign,0.2273,0.3307,0.0,0.1548,0.1332
ActivityDateTime,Type,0.3684,0.3547,0.0,0.1869,0.1657
ActivityDateTime,Flag,0.0,0.2046,0.0,0.126,0.0835
ActivityDateTime,FlagName,0.2857,0.3338,0.0,0.1615,0.1427
ActivityDateTime,ClassificationEntity,0.3607,0.2945,0.0,0.1095,0.1203
ActivityDateTime,ShipOwner,0.1685,0.354,0.0,0.102,0.1033
ActivityDateTime,ShippingLineCode,0.2917,0.3744,0.0,0.1434,0.1383
ActivityDateTime,BaysAft,0.2,0.2675,0.0,0.0934,0.0935
ActivityDateTime,BridgeToBowLength,0.1852,0.3642,0.0,0.1521,0.131
ActivityDateTime,Capacity,0.3,0.277,0.0,0.1435,0.1294
ActivityDateTime,GrossRegTons,0.1,0.322,0.0,0.1087,0.0966
ActivityDateTime,PortOfReference,0.1169,0.3283,0.0,0.1452,0.1171
ActivityDateTime,DeadWeight,0.2353,0.356,0.0,0.0717,0.095
ActivityDateTime,MainPropulsionPower,0.1874,0.3654,0.0,0.075,0.0928
ActivityDateTime,AgentCode,0.25,0.345,0.0,0.1548,0.1369
ActivityDateTime,AgentName,0.3947,0.3605,0.0,0.1637,0.1573
ActivityDateTime,TerminalCode,0.2273,0.3311,0.0,0.2303,0.171
ActivityDateTime,TypeDescription,0.3622,0.3822,0.0,0.2006,0.1748
ActivityDateTime,RegistrationYear,0.1111,0.4238,0.0,0.2269,0.1669
ActivityDateTime,VesselNumber,0.2,0.3751,0.0,0.0611,0.088
ActivityDateTime,ShippingLineName,0.375,0.3792,0.0,0.137,0.1439
ActivityDateTime,VesselClass,0.1731,0.347,0.0,0.148,0.126
